{
    "key": "group_591dc67f48a6f",
    "title": "Kopfbild Projekte \/ Startseite",
    "fields": [
        {
            "key": "field_5b2e07777fcc2",
            "label": "Art",
            "name": "kopfbild_art",
            "type": "radio",
            "instructions": "",
            "required": 0,
            "conditional_logic": 0,
            "wrapper": {
                "width": "",
                "class": "",
                "id": ""
            },
            "choices": {
                "kopfbild": "Kopfbild",
                "video": "Video (Vimeo)",
                "video_self_hosted": "Video (Mediathek)"
            },
            "allow_null": 0,
            "other_choice": 0,
            "default_value": "kopfbild",
            "layout": "horizontal",
            "return_format": "value",
            "save_other_choice": 0
        },
        {
            "key": "field_5b2e07b97fcc3",
            "label": "Kopfbild",
            "name": "",
            "type": "tab",
            "instructions": "",
            "required": 0,
            "conditional_logic": [
                [
                    {
                        "field": "field_5b2e07777fcc2",
                        "operator": "==",
                        "value": "kopfbild"
                    }
                ]
            ],
            "wrapper": {
                "width": "",
                "class": "",
                "id": ""
            },
            "placement": "top",
            "endpoint": 0
        },
        {
            "key": "field_53c3ec72a45cf",
            "label": "Kopfbild",
            "name": "kopfbild",
            "type": "image",
            "instructions": "",
            "required": 0,
            "conditional_logic": 0,
            "wrapper": {
                "width": "40",
                "class": "",
                "id": ""
            },
            "return_format": "array",
            "preview_size": "full",
            "library": "all",
            "min_width": "",
            "min_height": "",
            "min_size": "",
            "max_width": "",
            "max_height": "",
            "max_size": "",
            "mime_types": ""
        },
        {
            "key": "field_592bda24fc9c7",
            "label": "Kopfbild für mobile Ansicht",
            "name": "kopfbild_mobile",
            "type": "image",
            "instructions": "",
            "required": 0,
            "conditional_logic": 0,
            "wrapper": {
                "width": "30",
                "class": "",
                "id": ""
            },
            "return_format": "array",
            "preview_size": "full",
            "library": "all",
            "min_width": "",
            "min_height": "",
            "min_size": "",
            "max_width": "",
            "max_height": "",
            "max_size": "",
            "mime_types": ""
        },
        {
            "key": "field_592be87cc34a9",
            "label": "Volle Bildschirm-Breite nutzen",
            "name": "kopfbild_vollflaechig",
            "type": "true_false",
            "instructions": "",
            "required": 0,
            "conditional_logic": 0,
            "wrapper": {
                "width": "15",
                "class": "",
                "id": ""
            },
            "message": "Volle Breite",
            "default_value": 0,
            "ui": 0,
            "ui_on_text": "",
            "ui_off_text": ""
        },
        {
            "key": "field_5927d9c68edc6",
            "label": "In mobiler Variante Pfeil nach unten anzeigen",
            "name": "mobil_pfeil_runter",
            "type": "true_false",
            "instructions": "",
            "required": 0,
            "conditional_logic": [
                [
                    {
                        "field": "field_592be87cc34a9",
                        "operator": "==",
                        "value": "1"
                    }
                ]
            ],
            "wrapper": {
                "width": "15",
                "class": "",
                "id": ""
            },
            "message": "Pfeil-Button der bei Betätigung zum Inhalt scrollt",
            "default_value": 0,
            "ui": 0,
            "ui_on_text": "",
            "ui_off_text": ""
        },
        {
            "key": "field_5b2e08047fcc4",
            "label": "Video (Vimeo)",
            "name": "",
            "type": "tab",
            "instructions": "",
            "required": 0,
            "conditional_logic": [
                [
                    {
                        "field": "field_5b2e07777fcc2",
                        "operator": "==",
                        "value": "video"
                    }
                ]
            ],
            "wrapper": {
                "width": "",
                "class": "",
                "id": ""
            },
            "placement": "top",
            "endpoint": 0
        },
        {
            "key": "field_5b2e086d7fcc5",
            "label": "Video-Einbettcode \/ -URL",
            "name": "video_einbettcode",
            "type": "text",
            "instructions": "",
            "required": 0,
            "conditional_logic": 0,
            "wrapper": {
                "width": "70",
                "class": "",
                "id": ""
            },
            "default_value": "",
            "placeholder": "",
            "prepend": "",
            "append": "",
            "maxlength": ""
        },
        {
            "key": "field_5b3326f4ff213",
            "label": "Videotyp",
            "name": "video_einbettcode_typ",
            "type": "radio",
            "instructions": "",
            "required": 0,
            "conditional_logic": 0,
            "wrapper": {
                "width": "30",
                "class": "",
                "id": ""
            },
            "choices": {
                "youtube": "Youtube",
                "vimeo": "Vimeo"
            },
            "allow_null": 0,
            "other_choice": 0,
            "save_other_choice": 0,
            "default_value": "vimeo",
            "layout": "horizontal",
            "return_format": "value"
        },
        {
            "key": "field_5b6b08d2d0f16",
            "label": "Kopfbild für mobile Ansicht (Video wird mobil nicht angezeigt)",
            "name": "kopfbild_mobile_video",
            "type": "image",
            "instructions": "",
            "required": 0,
            "conditional_logic": 0,
            "wrapper": {
                "width": "",
                "class": "",
                "id": ""
            },
            "return_format": "array",
            "preview_size": "full",
            "library": "all",
            "min_width": "",
            "min_height": "",
            "min_size": "",
            "max_width": "",
            "max_height": "",
            "max_size": "",
            "mime_types": ""
        },
        {
            "key": "field_643fedd5fda34",
            "label": "Video (Mediathek)",
            "name": "",
            "type": "tab",
            "instructions": "",
            "required": 0,
            "conditional_logic": [
                [
                    {
                        "field": "field_5b2e07777fcc2",
                        "operator": "==",
                        "value": "video_self_hosted"
                    }
                ]
            ],
            "wrapper": {
                "width": "",
                "class": "",
                "id": ""
            },
            "placement": "top",
            "endpoint": 0
        },
        {
            "key": "field_643fedebfda35",
            "label": "Video-Datei Desktop",
            "name": "video_datei",
            "type": "file",
            "instructions": "",
            "required": 0,
            "conditional_logic": 0,
            "wrapper": {
                "width": "50",
                "class": "",
                "id": ""
            },
            "return_format": "array",
            "library": "all",
            "min_size": "",
            "max_size": "",
            "mime_types": "mp4,m4v"
        },
        {
            "key": "field_643ff3f47bc7c",
            "label": "Video-Datei mobil (mp4)",
            "name": "video_datei_mobile",
            "type": "file",
            "instructions": "",
            "required": 0,
            "conditional_logic": 0,
            "wrapper": {
                "width": "50",
                "class": "",
                "id": ""
            },
            "return_format": "array",
            "library": "all",
            "min_size": "",
            "max_size": "",
            "mime_types": "mp4"
        },
        {
            "key": "field_64400575e88a8",
            "label": "Video-Datei mobil (m4v)",
            "name": "video_datei_mobile_2",
            "type": "file",
            "instructions": "",
            "required": 0,
            "conditional_logic": 0,
            "wrapper": {
                "width": "50",
                "class": "",
                "id": ""
            },
            "return_format": "array",
            "library": "all",
            "min_size": "",
            "max_size": "",
            "mime_types": "m4v"
        },
        {
            "key": "field_643feec666230",
            "label": "Vorschaubild",
            "name": "video_vorschaubild",
            "type": "image",
            "instructions": "",
            "required": 0,
            "conditional_logic": 0,
            "wrapper": {
                "width": "50",
                "class": "",
                "id": ""
            },
            "return_format": "array",
            "preview_size": "medium",
            "library": "all",
            "min_width": "",
            "min_height": "",
            "min_size": "",
            "max_width": "",
            "max_height": "",
            "max_size": "",
            "mime_types": ""
        }
    ],
    "location": [
        [
            {
                "param": "page_type",
                "operator": "==",
                "value": "front_page"
            }
        ],
        [
            {
                "param": "post_type",
                "operator": "==",
                "value": "schweiger_projects"
            }
        ]
    ],
    "menu_order": 6,
    "position": "acf_after_title",
    "style": "default",
    "label_placement": "top",
    "instruction_placement": "label",
    "hide_on_screen": "",
    "active": true,
    "description": "",
    "modified": 1681917352
}