{
    "key": "group_591dc67f538e8",
    "title": "Löschen: Spalten Projekte \/ Seiten (nicht mehr verwenden)",
    "fields": [
        {
            "key": "field_53d08f04c51ce",
            "label": "Überschrift Spalte 2",
            "name": "ueberschrift_spalte_2",
            "type": "text",
            "instructions": "",
            "required": 0,
            "conditional_logic": 0,
            "wrapper": {
                "width": "",
                "class": "",
                "id": ""
            },
            "default_value": "",
            "placeholder": "",
            "prepend": "",
            "append": "",
            "formatting": "html",
            "maxlength": ""
        },
        {
            "key": "field_53cd332486ca8",
            "label": "Spalte 2",
            "name": "collumn2",
            "type": "wysiwyg",
            "instructions": "",
            "required": 0,
            "conditional_logic": 0,
            "wrapper": {
                "width": "",
                "class": "",
                "id": ""
            },
            "default_value": "",
            "toolbar": "full",
            "media_upload": 1,
            "tabs": "all",
            "delay": 0
        },
        {
            "key": "field_53d08f18c51cf",
            "label": "Überschrift Spalte 3",
            "name": "überschrift_spalte_3",
            "type": "text",
            "instructions": "",
            "required": 0,
            "conditional_logic": 0,
            "wrapper": {
                "width": "",
                "class": "",
                "id": ""
            },
            "default_value": "",
            "placeholder": "",
            "prepend": "",
            "append": "",
            "formatting": "html",
            "maxlength": ""
        },
        {
            "key": "field_53cd333186ca9",
            "label": "Spalte 3",
            "name": "collumn3",
            "type": "wysiwyg",
            "instructions": "",
            "required": 0,
            "conditional_logic": 0,
            "wrapper": {
                "width": "",
                "class": "",
                "id": ""
            },
            "default_value": "",
            "toolbar": "full",
            "media_upload": 1,
            "tabs": "all",
            "delay": 0
        }
    ],
    "location": [
        [
            {
                "param": "post_type",
                "operator": "==",
                "value": "schweiger_projects"
            }
        ],
        [
            {
                "param": "post_type",
                "operator": "==",
                "value": "page"
            }
        ]
    ],
    "menu_order": 3,
    "position": "acf_after_title",
    "style": "seamless",
    "label_placement": "top",
    "instruction_placement": "label",
    "hide_on_screen": "",
    "active": false,
    "description": "",
    "modified": 1620285896
}