{
    "key": "group_60803a77107e4",
    "title": "Block: Überschrift mit farbigem Akzent",
    "fields": [
        {
            "key": "field_6082c879d7dc2",
            "label": "Optionen",
            "name": "gw-schweiger-heading-options",
            "type": "group",
            "instructions": "",
            "required": 0,
            "conditional_logic": 0,
            "wrapper": {
                "width": "35",
                "class": "",
                "id": ""
            },
            "layout": "block",
            "sub_fields": [
                {
                    "key": "field_60803b066134f",
                    "label": "Überschrift-Ordnung",
                    "name": "gw-schweiger-heading-level",
                    "type": "select",
                    "instructions": "",
                    "required": 0,
                    "conditional_logic": 0,
                    "wrapper": {
                        "width": "",
                        "class": "",
                        "id": ""
                    },
                    "choices": {
                        "1": "H1",
                        "2": "H2",
                        "3": "H3",
                        "4": "H4",
                        "5": "H5",
                        "6": "H6"
                    },
                    "default_value": false,
                    "allow_null": 0,
                    "multiple": 0,
                    "ui": 0,
                    "return_format": "value",
                    "ajax": 0,
                    "placeholder": ""
                },
                {
                    "key": "field_6082c8f3a8fab",
                    "label": "Roter Unterstreichung",
                    "name": "gw-schweiger-heading-underline",
                    "type": "true_false",
                    "instructions": "",
                    "required": 0,
                    "conditional_logic": 0,
                    "wrapper": {
                        "width": "",
                        "class": "",
                        "id": ""
                    },
                    "message": "rot unterstreichen",
                    "default_value": 0,
                    "ui": 0,
                    "ui_on_text": "",
                    "ui_off_text": ""
                }
            ]
        },
        {
            "key": "field_60803b75e42c6",
            "label": "Text",
            "name": "gw-schweiger-heading-text",
            "type": "wysiwyg",
            "instructions": "Um Teile der Überschrift hervorzuheben, markieren Sie die gewünschte Text-Stelle und stellen Sie sie auf fett.",
            "required": 0,
            "conditional_logic": 0,
            "wrapper": {
                "width": "65",
                "class": "",
                "id": ""
            },
            "default_value": "",
            "tabs": "all",
            "toolbar": "full",
            "media_upload": 1,
            "delay": 0
        }
    ],
    "location": [
        [
            {
                "param": "block",
                "operator": "==",
                "value": "acf\/gw-schweiger-heading"
            }
        ]
    ],
    "menu_order": 0,
    "position": "normal",
    "style": "default",
    "label_placement": "top",
    "instruction_placement": "label",
    "hide_on_screen": "",
    "active": true,
    "description": "",
    "modified": 1619183916
}