{
    "key": "group_591dc67f4d456",
    "title": "Felder Kunden",
    "fields": [
        {
            "key": "field_53c978203441d",
            "label": "Logo",
            "name": "customer_logo",
            "type": "image",
            "instructions": "",
            "required": 0,
            "conditional_logic": 0,
            "wrapper": {
                "width": "",
                "class": "",
                "id": ""
            },
            "preview_size": "thumbnail",
            "library": "all",
            "return_format": "array",
            "min_width": 0,
            "min_height": 0,
            "min_size": 0,
            "max_width": 0,
            "max_height": 0,
            "max_size": 0,
            "mime_types": ""
        },
        {
            "key": "field_53c978113441c",
            "label": "Kurztext",
            "name": "customer_short_text",
            "type": "wysiwyg",
            "instructions": "",
            "required": 0,
            "conditional_logic": 0,
            "wrapper": {
                "width": "",
                "class": "",
                "id": ""
            },
            "default_value": "",
            "toolbar": "full",
            "media_upload": 1,
            "tabs": "all",
            "delay": 0
        },
        {
            "key": "field_610139f5d646c",
            "label": "Verlinkung",
            "name": "customer_link",
            "type": "link",
            "instructions": "",
            "required": 0,
            "conditional_logic": 0,
            "wrapper": {
                "width": "",
                "class": "",
                "id": ""
            },
            "return_format": "array"
        }
    ],
    "location": [
        [
            {
                "param": "post_type",
                "operator": "==",
                "value": "schweiger_customer"
            }
        ],
        [
            {
                "param": "post_type",
                "operator": "==",
                "value": "schweiger_engagement"
            }
        ]
    ],
    "menu_order": 9,
    "position": "acf_after_title",
    "style": "seamless",
    "label_placement": "top",
    "instruction_placement": "label",
    "hide_on_screen": [
        "permalink",
        "the_content",
        "excerpt",
        "discussion",
        "comments",
        "revisions",
        "slug",
        "author",
        "format",
        "featured_image",
        "categories",
        "tags",
        "send-trackbacks"
    ],
    "active": true,
    "description": "",
    "modified": 1627470717
}