{
    "key": "group_591dc67f3f8ba",
    "title": "Felder Teammitglieder",
    "fields": [
        {
            "key": "field_53d635f00b6eb",
            "label": "Bild",
            "name": "team_bild",
            "type": "image",
            "instructions": "",
            "required": 0,
            "conditional_logic": 0,
            "wrapper": {
                "width": "",
                "class": "",
                "id": ""
            },
            "preview_size": "thumbnail",
            "library": "all",
            "return_format": "array",
            "min_width": 0,
            "min_height": 0,
            "min_size": 0,
            "max_width": 0,
            "max_height": 0,
            "max_size": 0,
            "mime_types": ""
        },
        {
            "key": "field_53d636020b6ec",
            "label": "Ausbildung \/ Position",
            "name": "team_spalte_1",
            "type": "text",
            "instructions": "Dieser Text wird unter dem Namen angezeigt.",
            "required": 0,
            "conditional_logic": 0,
            "wrapper": {
                "width": "",
                "class": "",
                "id": ""
            },
            "default_value": "",
            "placeholder": "",
            "prepend": "",
            "append": "",
            "maxlength": ""
        },
        {
            "key": "field_53d6360f0b6ed",
            "label": "Kurztext",
            "name": "team_spalte_2",
            "type": "wysiwyg",
            "instructions": "",
            "required": 0,
            "conditional_logic": 0,
            "wrapper": {
                "width": "",
                "class": "",
                "id": ""
            },
            "default_value": "",
            "tabs": "all",
            "toolbar": "basic",
            "media_upload": 0,
            "delay": 0
        },
        {
            "key": "field_6090173d17729",
            "label": "Kontakt-E-Mail-Adresse",
            "name": "team-email-adresse",
            "type": "text",
            "instructions": "",
            "required": 0,
            "conditional_logic": 0,
            "wrapper": {
                "width": "",
                "class": "",
                "id": ""
            },
            "default_value": "info@schweiger-design.de",
            "placeholder": "",
            "prepend": "",
            "append": "",
            "maxlength": ""
        }
    ],
    "location": [
        [
            {
                "param": "post_type",
                "operator": "==",
                "value": "schweiger_team"
            }
        ]
    ],
    "menu_order": 7,
    "position": "normal",
    "style": "seamless",
    "label_placement": "top",
    "instruction_placement": "label",
    "hide_on_screen": "",
    "active": true,
    "description": "",
    "modified": 1620069513
}